{
  "name": "chainaware-mainnet-deployment",
  "version": "1.0.0",
  "description": "Deployment de ChainAware en GenLayer Mainnet",
  "main": "deploy.py",
  "scripts": {
    "start": "python deploy.py",
    "dev": "npm run dev",
    "build": "npm run build",
    "test": "pytest test/test_chainaware.py -v",
    "install-deps": "npm install && pip install -r requirements.txt",
    "deploy-mainnet": "python deploy_mainnet.py"
  },
  "deployment": {
    "environment": "mainnet",
    "network": "genlayer-mainnet",
    "contract": "ChainAwareTraceability",
    "mainnet": true,
    "gas_limit": 2000000,
    "features": {
      "ai_predictions": true,
      "real_time_monitoring": true,
      "document_verification": true,
      "natural_language": true,
      "iot_integration": true,
      "risk_assessment": true,
      "multi_chain_support": true
    },
    "apis": {
      "weather": "required",
      "traffic": "optional",
      "regulatory": "required",
      "validation": "required"
    },
    "security": {
      "encryption": true,
      "audit_log": true,
      "rate_limiting": true,
      "ssl_required": true,
      "certificate_validation": true
    },
    "monitoring": {
      "prometheus": true,
      "alerting": true,
      "log_level": "warn"
    }
  },
  "requirements": {
    "node": ">=18.0.0",
    "python": ">=3.9",
    "genlayer_cli": ">=0.18.0",
    "genlayer": ">=1.0.0"
  },
  "environment_variables": {
    "GENLAYER_RPC_URL": "https://api.genlayer.com",
    "GENLAYER_PRIVATE_KEY": "[REQUIRED]",
    "OPENAI_API_KEY": "[REQUIRED]",
    "WEATHER_API_KEY": "[REQUIRED]",
    "REGULATORY_API_KEY": "[REQUIRED]",
    "VALIDATION_API_KEY": "[REQUIRED]",
    "DATABASE_URL": "[REQUIRED]",
    "CHAINAWARE_NETWORK": "mainnet"
  }
}