{
  "name": "chainaware-deployment-config",
  "version": "1.0.0",
  "description": "Configuración de deployment para ChainAware",
  "main": "deploy.py",
  "scripts": {
    "start": "python deploy.py",
    "dev": "npm run dev",
    "build": "npm run build",
    "test": "pytest test/test_chainaware.py -v",
    "install-deps": "npm install && pip install -r requirements.txt"
  },
  "deployment": {
    "environment": "development",
    "network": "genlayer-testnet",
    "contract": "ChainAwareTraceability",
    "features": {
      "ai_predictions": true,
      "real_time_monitoring": true,
      "document_verification": true,
      "natural_language": true,
      "iot_integration": true,
      "risk_assessment": true
    },
    "apis": {
      "weather": "required",
      "traffic": "optional",
      "regulatory": "required"
    },
    "security": {
      "encryption": true,
      "audit_log": true,
      "rate_limiting": true
    }
  },
  "requirements": {
    "node": ">=16.0.0",
    "python": ">=3.9",
    "genlayer_cli": ">=0.18.0"
  }
}